tech_id,technology,area,companies,why,stage,trend,score_raw,source_titles,source_urls,label,neg_type
blind-001,Литий-серные аккумуляторы для дронов длительного полёта,Роботы,"Lyten, Zeta Energy, Theion","Удельная энергия вдвое выше литий-ионной, но серийных поставок нет: единичные лётные испытания и заводы в стадии строительства. Отдельного рынка «батарея для БПЛА» пока не существует.",Прототип/PoC → первые поставки,Растёт — несколько раундов за год при почти нулевой базе упоминаний в 2024,,,https://arxiv.org/|https://www.nature.com/,1,
blind-002,Управление промышленными манипуляторами через неинвазивные ЭМГ-браслеты,Роботы,"Meta (CTRL-labs), Wearable Devices, Mudra","Технология вышла из исследовательских лабораторий, но применяется в потребительских интерфейсах; промышленное применение обсуждается единичными командами, стандартов безопасности для такого управления нет.",Исследование → Прототип/PoC,Растёт — первые публикации о промышленных сценариях в 2026,,,https://arxiv.org/|https://www.science.org/,1,
blind-003,Автоматическая верификация смарт-контрактов языковыми моделями,Финтех,"Certora, OpenZeppelin, Nethermind","Формальная верификация существует давно, но связка с языковыми моделями появилась в 2025-2026: несколько небольших команд, ни одного отраслевого стандарта, аудиторы относятся настороженно.",Прототип/PoC,Растёт быстро — от первых препринтов к коммерческим пилотам менее чем за год,,,https://arxiv.org/|https://techcrunch.com/,1,
blind-004,Определение присутствия и падений по радиосигналу Wi-Fi (802.11bf),Edge,"Origin Wireless, Cognitive Systems, Xandar Kardian","Поправка к стандарту утверждена недавно, серийных устройств почти нет, рынок не сформирован: производители чипов только начинают закладывать поддержку.",Пилот,Растёт — первые коммерческие развёртывания 2026 года,,,https://ieeexplore.ieee.org/|https://arxiv.org/,1,
blind-005,Энергонезависимая память MRAM в микроконтроллерах для ИИ на устройстве,Edge,"Everspin, Avalanche Technology, TSMC","Технология известна, но встраивание именно в ИИ-микроконтроллеры началось недавно: два-три производителя, объёмы поставок не раскрываются, отдельной категории в закупках нет.",Раннее внедрение,Растёт — анонсы процессов встроенной MRAM у крупных фабрик в 2026,,,https://ieeexplore.ieee.org/|https://www.eetimes.com/,1,
blind-006,Аппаратные ускорители постквантовой криптографии в составе SoC,Защита ИИ,"PQShield, Rambus, SandboxAQ","Алгоритмы стандартизованы, но аппаратные блоки под них — новая ниша: несколько IP-вендоров, первые интеграции в чипы, отдельного рынка ещё нет.",Прототип/PoC → первые интеграции,Растёт быстро — после утверждения стандартов число анонсов выросло за год кратно,,,https://nist.gov/|https://arxiv.org/,1,
blind-007,Обнаружение утечек метана на промышленных объектах по спутниковым снимкам,Индустриальный ИИ,"Kayrros, GHGSat, Orbital Sidekick","Спутники запущены, но применение в оперативном контуре предприятий единично: покупателей мало, методики верификации данных ещё обсуждаются регуляторами.",Пилот → раннее внедрение,Растёт — регуляторные требования по метану вводятся с 2026,,,https://www.nature.com/|https://ec.europa.eu/,1,
blind-008,МЭМС-электронные носы для контроля качества в пищевой промышленности,Индустриальный ИИ,"Aryballe, Stratuscent, NOS.E","Сенсоры запаха существуют десятилетиями, но миниатюрные МЭМС-варианты с машинным обучением вышли на рынок недавно: единичные внедрения, стандартов сравнения нет.",Раннее внедрение,Растёт — первые линейные внедрения у производителей продуктов в 2026,,,https://www.mdpi.com/|https://www.sciencedirect.com/,1,
blind-009,Оптическая синхронизация времени между распределёнными дата-центрами,Инфраструктура ИИ,"Adtran (Oscilloquartz), Safran, Microchip","Точная синхронизация нужна распределённому обучению, но как отдельная задача обсуждается только с 2025: поставщиков единицы, в тендерах отдельной строкой не выделяется.",Пилот,Растёт — тема появилась на профильных конференциях в 2026,,,https://ieeexplore.ieee.org/|https://www.datacenterdynamics.com/,1,
blind-010,Генеративные видеомодели как источник обучающих данных для манипуляции,Роботы,"Runway, Luma AI, Skild AI","Идея заменить дорогую телеоперацию синтетическим видео обсуждается с 2026 года: результаты пока только в препринтах, переноса на реальные манипуляторы почти нет.",Исследование → Прототип/PoC,Растёт быстро — количество препринтов по теме удвоилось за полгода,,,https://arxiv.org/|https://openreview.net/,1,
blind-011,Elasticsearch для полнотекстового поиска,Инфраструктура ИИ,"Elastic, Amazon OpenSearch, Яндекс Облако","Стандарт де-факто с 2010 года, сотни тысяч установок, есть сертификации и управляемые сервисы у всех облаков. Конкуренция только ценовая.","зрелая, мейнстрим","стабильная, плато упоминаний",,,https://www.elastic.co/|https://aws.amazon.com/,0,зрелая
blind-012,Протоколы OAuth 2.0 и OpenID Connect,Защита ИИ,"IETF, OpenID Foundation, Okta, Auth0","Утверждённые стандарты, реализованы во всех платформах аутентификации, входят в базовые требования безопасности. Отдельного рынка нет.","зрелая, отраслевой стандарт",стабильная,,,https://datatracker.ietf.org/|https://openid.net/,0,зрелая
blind-013,Apache Kafka для потоковой обработки данных,Инфраструктура ИИ,"Confluent, Amazon MSK, Red Hat","Проект Apache с 2011 года, публичная компания-вендор, управляемые сервисы у всех облаков, типовые архитектурные шаблоны в учебниках.","зрелая, мейнстрим","стабильная, обсуждается эксплуатация",,,https://kafka.apache.org/|https://www.confluent.io/,0,зрелая
blind-014,Оптическое распознавание символов в документообороте,Индустриальный ИИ,"ABBYY, Google Document AI, Tesseract","Технология коммерциализирована с 1990-х, точность вышла на плато, решения продаются как готовый облачный сервис с прайс-листом.","зрелая, массовое внедрение",стабильная,,,https://cloud.google.com/|https://www.abbyy.com/,0,зрелая
blind-015,Квантовый интернет «заработает в следующем году»,Инфраструктура ИИ,заявления отдельных руководителей и пресс-службы проектов,"Утверждение живёт в пресс-релизах и презентациях инвесторам с 2019 года, сроки сдвигаются ежегодно, проверяемых показателей готовности нет.",заявления без подтверждения,"растёт в медиа, без роста внедрений",,,https://www.prnewswire.com/|https://www.businesswire.com/,0,хайп
blind-016,Цифровые двойники городов как замена традиционному градостроительству,Индустриальный ИИ,различные интеграторы и муниципальные программы,"Громкие анонсы и презентации на форумах, но подтверждённых случаев, где двойник действительно заменил проектные процедуры, нет; проекты сворачиваются после пилота.",пилоты без масштабирования,снижается после пика 2022 года,,,https://www.globenewswire.com/|https://www.smartcitiesworld.net/,0,хайп
blind-017,Тротуарные роботы-курьеры «вот-вот заменят доставку»,Роботы,"Starship Technologies, Serve Robotics, Яндекс Ровер","Роботы ездят несколько лет, но заявления о замене курьеров не подтверждаются: доля от общего числа доставок остаётся долями процента, экономика не раскрывается.",раннее внедрение при завышенных обещаниях,"стабильная, медийные всплески",,,https://www.prnewswire.com/|https://techcrunch.com/,0,хайп
blind-018,Цифровая экономика,Инфраструктура ИИ,вся отрасль,"Зонтичный управленческий термин без технического содержания: не имеет ни стадии развития, ни идентифицируемых носителей, ни измеримых характеристик.",не применимо,стабильно высокий фон упоминаний,,,https://www.rbc.ru/|https://www.vedomosti.ru/,0,шум
blind-019,Технологический суверенитет,Инфраструктура ИИ,"органы власти, отраслевые ассоциации","Политико-регуляторная повестка, а не технология: описывает цель, а не способ её достижения, и не может быть отнесена к какой-либо стадии зрелости.",не применимо,растёт в медиа и документах,,,https://tass.ru/|https://www.interfax.ru/,0,шум
blind-020,Отчёт о трендах искусственного интеллекта за 2026 год,Инфраструктура ИИ,аналитические агентства и отраслевые медиа,"Обзорный материал-агрегатор: пересказывает уже известные тренды, не является первоисточником и не описывает конкретную технологию.",не технология,сезонные всплески в начале и конце года,,,https://www.forbes.com/|https://hypertrends.com/,0,шум
